{
  "trial": 12,
  "value": 1.0,
  "params": {
    "w_comm": 3.549358792116952,
    "w_bs": 0.19829738816648046,
    "w_goal": 6.194658809192357,
    "w_energy": 0.978138247982481,
    "bs_decay_rate": 0.3151780775601221
  }
}