{
  "trial": 59,
  "value": 0.8750951334693781,
  "params": {
    "w_comm": 0.018730709036752557,
    "w_bs": 0.9450832794498338,
    "w_goal": 3.812492733659566,
    "w_energy": 0.4745805717173677,
    "bs_decay_rate": 0.39216963096932467
  }
}